{
 "0": {
  "0": 1.0, 
  "1": 0.67827660633313791, 
  "2": 0.15642080318487095, 
  "3": -0.065327390570961569, 
  "4": -0.06444781066526209, 
  "5": -0.031433210050842826, 
  "6": -0.014956820349629208, 
  "7": -0.0082968508677008883, 
  "8": -0.00519683516958383, 
  "9": -0.003507416951838867, 
  "10": -0.0024905323286613418, 
  "-1": 0.67827660633313791, 
  "-10": -0.0024905323286613418, 
  "-9": -0.003507416951838867, 
  "-8": -0.00519683516958383, 
  "-7": -0.0082968508677008883, 
  "-6": -0.014956820349629208, 
  "-5": -0.031433210050842826, 
  "-4": -0.06444781066526209, 
  "-3": -0.065327390570961569, 
  "-2": 0.15642080318487095
 }, 
 "1": {
  "0": 0.67827660633313791, 
  "1": 0.44456489541854272, 
  "2": 0.072257536168982492, 
  "3": -0.073774850743644649, 
  "4": -0.059964799734097914, 
  "5": -0.029072820004281557, 
  "6": -0.014159108191184992, 
  "7": -0.0079990693931909686, 
  "8": -0.0050618313794753714, 
  "9": -0.0034374787988290501, 
  "10": -0.0024509942799038329, 
  "-1": 0.44456489541854272, 
  "-10": -0.0024509942799038329, 
  "-9": -0.0034374787988290501, 
  "-8": -0.0050618313794753714, 
  "-7": -0.0079990693931909686, 
  "-6": -0.014159108191184992, 
  "-5": -0.029072820004281557, 
  "-4": -0.059964799734097914, 
  "-3": -0.073774850743644649, 
  "-2": 0.072257536168982492
 }, 
 "2": {
  "0": 0.15642080318487095, 
  "1": 0.072257536168982492, 
  "2": -0.049938776894223477, 
  "3": -0.075937865123835754, 
  "4": -0.047262518792478211, 
  "5": -0.023276902009199931, 
  "6": -0.012144644038531688, 
  "7": -0.0072074478093322337, 
  "8": -0.0046904522694320759, 
  "9": -0.0032411062735991339, 
  "10": -0.0023384649746906868, 
  "-1": 0.072257536168982492, 
  "-10": -0.0023384649746906868, 
  "-9": -0.0032411062735991339, 
  "-8": -0.0046904522694320759, 
  "-7": -0.0072074478093322337, 
  "-6": -0.012144644038531688, 
  "-5": -0.023276902009199931, 
  "-4": -0.047262518792478211, 
  "-3": -0.075937865123835754, 
  "-2": -0.049938776894223477
 }, 
 "3": {
  "0": -0.065327390570961569, 
  "1": -0.073774850743644649, 
  "2": -0.075937865123835754, 
  "3": -0.055537014106713647, 
  "4": -0.031433210050842826, 
  "5": -0.016789615952969669, 
  "6": -0.0097042154845355822, 
  "7": -0.0061535905206632135, 
  "8": -0.004165365761566623, 
  "9": -0.002952943489907209, 
  "10": -0.0021691197299600036, 
  "-1": -0.073774850743644649, 
  "-10": -0.0021691197299600036, 
  "-9": -0.002952943489907209, 
  "-8": -0.004165365761566623, 
  "-7": -0.0061535905206632135, 
  "-6": -0.0097042154845355822, 
  "-5": -0.016789615952969669, 
  "-4": -0.031433210050842826, 
  "-3": -0.055537014106713647, 
  "-2": -0.075937865123835754
 }, 
 "4": {
  "0": -0.06444781066526209, 
  "1": -0.059964799734097914, 
  "2": -0.047262518792478211, 
  "3": -0.031433210050842826, 
  "4": -0.019006732548424117, 
  "5": -0.011577903734318462, 
  "6": -0.007455793802651235, 
  "7": -0.0050618313794753714, 
  "8": -0.0035797784160331676, 
  "9": -0.0026157906051451751, 
  "10": -0.0019641843412550463, 
  "-1": -0.059964799734097914, 
  "-10": -0.0019641843412550463, 
  "-9": -0.0026157906051451751, 
  "-8": -0.0035797784160331676, 
  "-7": -0.0050618313794753714, 
  "-6": -0.007455793802651235, 
  "-5": -0.011577903734318462, 
  "-4": -0.019006732548424117, 
  "-3": -0.031433210050842826, 
  "-2": -0.047262518792478211
 }, 
 "5": {
  "0": -0.031433210050842826, 
  "1": -0.029072820004281557, 
  "2": -0.023276902009199931, 
  "3": -0.016789615952969669, 
  "4": -0.011577903734318462, 
  "5": -0.0079990693931909686, 
  "6": -0.0056408890389552952, 
  "7": -0.004072175069779479, 
  "8": -0.0030070561297722569, 
  "9": -0.0022681577059022674, 
  "10": -0.0017445250271397286, 
  "-1": -0.029072820004281557, 
  "-10": -0.0017445250271397286, 
  "-9": -0.0022681577059022674, 
  "-8": -0.0030070561297722569, 
  "-7": -0.004072175069779479, 
  "-6": -0.0056408890389552952, 
  "-5": -0.0079990693931909686, 
  "-4": -0.011577903734318462, 
  "-3": -0.016789615952969669, 
  "-2": -0.023276902009199931
 }, 
 "6": {
  "0": -0.014956820349629208, 
  "1": -0.014159108191184992, 
  "2": -0.012144644038531688, 
  "3": -0.0097042154845355822, 
  "4": -0.007455793802651235, 
  "5": -0.0056408890389552952, 
  "6": -0.0042622070432495182, 
  "7": -0.0032411062735991339, 
  "8": -0.0024905323286613418, 
  "9": -0.0019375497406930971, 
  "10": -0.001526954552768007, 
  "-1": -0.014159108191184992, 
  "-10": -0.001526954552768007, 
  "-9": -0.0019375497406930971, 
  "-8": -0.0024905323286613418, 
  "-7": -0.0032411062735991339, 
  "-6": -0.0042622070432495182, 
  "-5": -0.0056408890389552952, 
  "-4": -0.007455793802651235, 
  "-3": -0.0097042154845355822, 
  "-2": -0.012144644038531688
 }, 
 "7": {
  "0": -0.0082968508677008883, 
  "1": -0.0079990693931909686, 
  "2": -0.0072074478093322337, 
  "3": -0.0061535905206632135, 
  "4": -0.0050618313794753714, 
  "5": -0.004072175069779479, 
  "6": -0.0032411062735991339, 
  "7": -0.0025728875342025982, 
  "8": -0.0020478758114040787, 
  "9": -0.0016396063105571133, 
  "10": -0.0013228488168860336, 
  "-1": -0.0079990693931909686, 
  "-10": -0.0013228488168860336, 
  "-9": -0.0016396063105571133, 
  "-8": -0.0020478758114040787, 
  "-7": -0.0025728875342025982, 
  "-6": -0.0032411062735991339, 
  "-5": -0.004072175069779479, 
  "-4": -0.0050618313794753714, 
  "-3": -0.0061535905206632135, 
  "-2": -0.0072074478093322337
 }, 
 "8": {
  "0": -0.00519683516958383, 
  "1": -0.0050618313794753714, 
  "2": -0.0046904522694320759, 
  "3": -0.004165365761566623, 
  "4": -0.0035797784160331676, 
  "5": -0.0030070561297722569, 
  "6": -0.0024905323286613418, 
  "7": -0.0020478758114040787, 
  "8": -0.0016802759918339483, 
  "9": -0.0013805585239885843, 
  "10": -0.0011385073722328775, 
  "-1": -0.0050618313794753714, 
  "-10": -0.0011385073722328775, 
  "-9": -0.0013805585239885843, 
  "-8": -0.0016802759918339483, 
  "-7": -0.0020478758114040787, 
  "-6": -0.0024905323286613418, 
  "-5": -0.0030070561297722569, 
  "-4": -0.0035797784160331676, 
  "-3": -0.004165365761566623, 
  "-2": -0.0046904522694320759
 }, 
 "9": {
  "0": -0.003507416951838867, 
  "1": -0.0034374787988290501, 
  "2": -0.0032411062735991339, 
  "3": -0.002952943489907209, 
  "4": -0.0026157906051451751, 
  "5": -0.0022681577059022674, 
  "6": -0.0019375497406930971, 
  "7": -0.0016396063105571133, 
  "8": -0.0013805585239885843, 
  "9": -0.0011605316387743073, 
  "10": -0.00097634867486531688, 
  "-1": -0.0034374787988290501, 
  "-10": -0.00097634867486531688, 
  "-9": -0.0011605316387743073, 
  "-8": -0.0013805585239885843, 
  "-7": -0.0016396063105571133, 
  "-6": -0.0019375497406930971, 
  "-5": -0.0022681577059022674, 
  "-4": -0.0026157906051451751, 
  "-3": -0.002952943489907209, 
  "-2": -0.0032411062735991339
 }, 
 "10": {
  "0": -0.0024905323286613418, 
  "1": -0.0024509942799038329, 
  "2": -0.0023384649746906868, 
  "3": -0.0021691197299600036, 
  "4": -0.0019641843412550463, 
  "5": -0.0017445250271397286, 
  "6": -0.001526954552768007, 
  "7": -0.0013228488168860336, 
  "8": -0.0011385073722328775, 
  "9": -0.00097634867486531688, 
  "10": -0.00083623785976010099, 
  "-1": -0.0024509942799038329, 
  "-10": -0.00083623785976010099, 
  "-9": -0.00097634867486531688, 
  "-8": -0.0011385073722328775, 
  "-7": -0.0013228488168860336, 
  "-6": -0.001526954552768007, 
  "-5": -0.0017445250271397286, 
  "-4": -0.0019641843412550463, 
  "-3": -0.0021691197299600036, 
  "-2": -0.0023384649746906868
 }, 
 "-1": {
  "0": 0.67827660633313791, 
  "1": 0.44456489541854272, 
  "2": 0.072257536168982492, 
  "3": -0.073774850743644649, 
  "4": -0.059964799734097914, 
  "5": -0.029072820004281557, 
  "6": -0.014159108191184992, 
  "7": -0.0079990693931909686, 
  "8": -0.0050618313794753714, 
  "9": -0.0034374787988290501, 
  "10": -0.0024509942799038329, 
  "-1": 0.44456489541854272, 
  "-10": -0.0024509942799038329, 
  "-9": -0.0034374787988290501, 
  "-8": -0.0050618313794753714,