{
 "0": {
  "1": 0.67827660633313791
 }, 
 "1": {
  "1": 0.44456489541854272
 }
}