{
 "0": {
  "0": 1.0, 
  "1": 0.67827660633313791, 
  "-1": 0.67827660633313791
 }, 
 "1": {
  "0": 0.67827660633313791, 
  "1": 0.44456489541854272, 
  "-1": 0.44456489541854272
 }, 
 "-1": {
  "0": 0.67827660633313791, 
  "1": 0.44456489541854272, 
  "-1": 0.44456489541854272
 }
}