{
 "0": {
  "1": 0.67827660633313791, 
  "2": 0.15642080318487095, 
  "3": -0.065327390570961569, 
  "4": -0.06444781066526209
 }, 
 "1": {
  "1": 0.44456489541854272, 
  "2": 0.072257536168982492, 
  "3": -0.073774850743644649, 
  "4": -0.059964799734097914
 }, 
 "2": {
  "1": 0.072257536168982492, 
  "2": -0.049938776894223477, 
  "3": -0.075937865123835754, 
  "4": -0.047262518792478211
 }, 
 "3": {
  "1": -0.073774850743644649, 
  "2": -0.075937865123835754, 
  "3": -0.055537014106713647, 
  "4": -0.031433210050842826
 }, 
 "4": {
  "1": -0.059964799734097914, 
  "2": -0.047262518792478211, 
  "3": -0.031433210050842826, 
  "4": -0.019006732548424117
 }
}