{
 "0": {
  "0": 1.0, 
  "1": 0.67827660633313791, 
  "2": 0.15642080318487095, 
  "3": -0.065327390570961569, 
  "-2": 0.15642080318487095, 
  "-3": -0.065327390570961569, 
  "-1": 0.67827660633313791
 }, 
 "1": {
  "0": 0.67827660633313791, 
  "1": 0.44456489541854272, 
  "2": 0.072257536168982492, 
  "3": -0.073774850743644649, 
  "-2": 0.072257536168982492, 
  "-3": -0.073774850743644649, 
  "-1": 0.44456489541854272
 }, 
 "2": {
  "0": 0.15642080318487095, 
  "1": 0.072257536168982492, 
  "2": -0.049938776894223477, 
  "3": -0.075937865123835754, 
  "-2": -0.049938776894223477, 
  "-3": -0.075937865123835754, 
  "-1": 0.072257536168982492
 }, 
 "3": {
  "0": -0.065327390570961569, 
  "1": -0.073774850743644649, 
  "2": -0.075937865123835754, 
  "3": -0.055537014106713647, 
  "-2": -0.075937865123835754, 
  "-3": -0.055537014106713647, 
  "-1": -0.073774850743644649
 }, 
 "-2": {
  "0": 0.15642080318487095, 
  "1": 0.072257536168982492, 
  "2": -0.049938776894223477, 
  "3": -0.075937865123835754, 
  "-2": -0.049938776894223477, 
  "-3": -0.075937865123835754, 
  "-1": 0.072257536168982492
 }, 
 "-3": {
  "0": -0.065327390570961569, 
  "1": -0.073774850743644649, 
  "2": -0.075937865123835754, 
  "3": -0.055537014106713647, 
  "-2": -0.075937865123835754, 
  "-3": -0.055537014106713647, 
  "-1": -0.073774850743644649
 }, 
 "-1": {
  "0": 0.67827660633313791, 
  "1": 0.44456489541854272, 
  "2": 0.072257536168982492, 
  "3": -0.073774850743644649, 
  "-2": 0.072257536168982492, 
  "-3": -0.073774850743644649, 
  "-1": 0.44456489541854272
 }
}