{
 "0": {
  "0": 1.0, 
  "1": 0.67827660633313791, 
  "2": 0.15642080318487095, 
  "-1": 0.67827660633313791, 
  "-2": 0.15642080318487095
 }, 
 "1": {
  "0": 0.67827660633313791, 
  "1": 0.44456489541854272, 
  "2": 0.072257536168982492, 
  "-1": 0.44456489541854272, 
  "-2": 0.072257536168982492
 }, 
 "2": {
  "0": 0.15642080318487095, 
  "1": 0.072257536168982492, 
  "2": -0.049938776894223477, 
  "-1": 0.072257536168982492, 
  "-2": -0.049938776894223477
 }, 
 "-1": {
  "0": 0.67827660633313791, 
  "1": 0.44456489541854272, 
  "2": 0.072257536168982492, 
  "-1": 0.44456489541854272, 
  "-2": 0.072257536168982492
 }, 
 "-2": {
  "0": 0.15642080318487095, 
  "1": 0.072257536168982492, 
  "2": -0.049938776894223477, 
  "-1": 0.072257536168982492, 
  "-2": -0.049938776894223477
 }
}