{
 "0": {
  "0": 1.0, 
  "1": 0.67827660633313791, 
  "2": 0.15642080318487095, 
  "3": -0.065327390570961569, 
  "4": -0.06444781066526209, 
  "5": -0.031433210050842826, 
  "6": -0.014956820349629208, 
  "-2": 0.15642080318487095, 
  "-6": -0.014956820349629208, 
  "-5": -0.031433210050842826, 
  "-4": -0.06444781066526209, 
  "-3": -0.065327390570961569, 
  "-1": 0.67827660633313791
 }, 
 "1": {
  "0": 0.67827660633313791, 
  "1": 0.44456489541854272, 
  "2": 0.072257536168982492, 
  "3": -0.073774850743644649, 
  "4": -0.059964799734097914, 
  "5": -0.029072820004281557, 
  "6": -0.014159108191184992, 
  "-2": 0.072257536168982492, 
  "-6": -0.014159108191184992, 
  "-5": -0.029072820004281557, 
  "-4": -0.059964799734097914, 
  "-3": -0.073774850743644649, 
  "-1": 0.44456489541854272
 }, 
 "2": {
  "0": 0.15642080318487095, 
  "1": 0.072257536168982492, 
  "2": -0.049938776894223477, 
  "3": -0.075937865123835754, 
  "4": -0.047262518792478211, 
  "5": -0.023276902009199931, 
  "6": -0.012144644038531688, 
  "-2": -0.049938776894223477, 
  "-6": -0.012144644038531688, 
  "-5": -0.023276902009199931, 
  "-4": -0.047262518792478211, 
  "-3": -0.075937865123835754, 
  "-1": 0.072257536168982492
 }, 
 "3": {
  "0": -0.065327390570961569, 
  "1": -0.073774850743644649, 
  "2": -0.075937865123835754, 
  "3": -0.055537014106713647, 
  "4": -0.031433210050842826, 
  "5": -0.016789615952969669, 
  "6": -0.0097042154845355822, 
  "-2": -0.075937865123835754, 
  "-6": -0.0097042154845355822, 
  "-5": -0.016789615952969669, 
  "-4": -0.031433210050842826, 
  "-3": -0.055537014106713647, 
  "-1": -0.073774850743644649
 }, 
 "4": {
  "0": -0.06444781066526209, 
  "1": -0.059964799734097914, 
  "2": -0.047262518792478211, 
  "3": -0.031433210050842826, 
  "4": -0.019006732548424117, 
  "5": -0.011577903734318462, 
  "6": -0.007455793802651235, 
  "-2": -0.047262518792478211, 
  "-6": -0.007455793802651235, 
  "-5": -0.011577903734318462, 
  "-4": -0.019006732548424117, 
  "-3": -0.031433210050842826, 
  "-1": -0.059964799734097914
 }, 
 "5": {
  "0": -0.031433210050842826, 
  "1": -0.029072820004281557, 
  "2": -0.023276902009199931, 
  "3": -0.016789615952969669, 
  "4": -0.011577903734318462, 
  "5": -0.0079990693931909686, 
  "6": -0.0056408890389552952, 
  "-2": -0.023276902009199931, 
  "-6": -0.0056408890389552952, 
  "-5": -0.0079990693931909686, 
  "-4": -0.011577903734318462, 
  "-3": -0.016789615952969669, 
  "-1": -0.029072820004281557
 }, 
 "6": {
  "0": -0.014956820349629208, 
  "1": -0.014159108191184992, 
  "2": -0.012144644038531688, 
  "3": -0.0097042154845355822, 
  "4": -0.007455793802651235, 
  "5": -0.0056408890389552952, 
  "6": -0.0042622070432495182, 
  "-2": -0.012144644038531688, 
  "-6": -0.0042622070432495182, 
  "-5": -0.0056408890389552952, 
  "-4": -0.007455793802651235, 
  "-3": -0.0097042154845355822, 
  "-1": -0.014159108191184992
 }, 
 "-2": {
  "0": 0.15642080318487095, 
  "1": 0.072257536168982492, 
  "2": -0.049938776894223477, 
  "3": -0.075937865123835754, 
  "4": -0.047262518792478211, 
  "5": -0.023276902009199931, 
  "6": -0.012144644038531688, 
  "-2": -0.049938776894223477, 
  "-6": -0.012144644038531688, 
  "-5": -0.023276902009199931, 
  "-4": -0.047262518792478211, 
  "-3": -0.075937865123835754, 
  "-1": 0.072257536168982492
 }, 
 "-6": {
  "0": -0.014956820349629208, 
  "1": -0.014159108191184992, 
  "2": -0.012144644038531688, 
  "3": -0.0097042154845355822, 
  "4": -0.007455793802651235, 
  "5": -0.0056408890389552952, 
  "6": -0.0042622070432495182, 
  "-2": -0.012144644038531688, 
  "-6": -0.0042622070432495182, 
  "-5": -0.0056408890389552952, 
  "-4": -0.007455793802651235, 
  "-3": -0.0097042154845355822, 
  "-1": -0.014159108191184992
 }, 
 "-5": {
  "0": -0.031433210050842826, 
  "1": -0.029072820004281557, 
  "2": -0.023276902009199931, 
  "3": -0.016789615952969669, 
  "4": -0.011577903734318462, 
  "5": -0.0079990693931909686, 
  "6": -0.0056408890389552952, 
  "-2": -0.023276902009199931, 
  "-6": -0.0056408890389552952, 
  "-5": -0.0079990693931909686, 
  "-4": -0.011577903734318462, 
  "-3": -0.016789615952969669, 
  "-1": -0.029072820004281557
 }, 
 "-4": {
  "0": -0.06444781066526209, 
  "1": -0.059964799734097914, 
  "2": -0.047262518792478211, 
  "3": -0.031433210050842826, 
  "4": -0.019006732548424117, 
  "5": -0.011577903734318462, 
  "6": -0.007455793802651235, 
  "-2": -0.047262518792478211, 
  "-6": -0.007455793802651235, 
  "-5": -0.011577903734318462, 
  "-4": -0.019006732548424117, 
  "-3": -0.031433210050842826, 
  "-1": -0.059964799734097914
 }, 
 "-3": {
  "0": -0.065327390570961569, 
  "1": -0.073774850743644649, 
  "2": -0.075937865123835754, 
  "3": -0.055537014106713647, 
  "4": -0.031433210050842826, 
  "5": -0.016789615952969669, 
  "6": -0.0097042154845355822, 
  "-2": -0.075937865123835754, 
  "-6": -0.0097042154845355822, 
  "-5": -0.016789615952969669, 
  "-4": -0.031433210050842826, 
  "-3": -0.055537014106713647, 
  "-1": -0.073774850743644649
 }, 
 "-1": {
  "0": 0.67827660633313791, 
  "1": 0.44456489541854272, 
  "2": 0.072257536168982492, 
  "3": -0.073774850743644649, 
  "4": -0.059964799734097914, 
  "5": -0.029072820004281557, 
  "6": -0.014159108191184992, 
  "-2": 0.072257536168982492, 
  "-6": -0.014159108191184992, 
  "-5": -0.029072820004281557, 
  "-4": -0.059964799734097914, 
  "-3": -0.073774850743644649, 
  "-1": 0.44456489541854272
 }
}