{
 "0": {
  "1": 0.67827660633313791, 
  "2": 0.15642080318487095, 
  "3": -0.065327390570961208, 
  "4": -0.064447810665262034, 
  "5": -0.031433210050842895, 
  "6": -0.014956820349629141
 }, 
 "1": {
  "2": 0.072257536168981951, 
  "3": -0.073774850743643983, 
  "4": -0.0599647997340979, 
  "5": -0.029072820004281477, 
  "6": -0.014159108191185064
 }, 
 "2": {
  "3": -0.075937865123835296, 
  "4": -0.047262518792478191, 
  "5": -0.02327690200919974, 
  "6": -0.012144644038531603
 }, 
 "3": {
  "4": -0.031433210050842895, 
  "5": -0.016789615952969558, 
  "6": -0.0097042154845356065
 }, 
 "4": {
  "5": -0.011577903734318275, 
  "6": -0.0074557938026511847
 }, 
 "5": {
  "6": -0.0056408890389552597
 }
}